{"cameraMode":{"drawMode":0,"name":"Shaded","section":"Shading Mode"},"sceneLighting":true,"audioPlay":false,"sceneViewState":{"m_AlwaysRefresh":false,"showFog":true,"showSkybox":true,"showFlares":true,"showImageEffects":true,"showParticleSystems":true,"showVisualEffectGraphs":true,"m_FxEnabled":true},"in2DMode":false,"pivot":{"x":-1.4955977201461793,"y":1.02516770362854,"z":0.5824481248855591},"rotation":{"x":0.10041112452745438,"y":0.7774167060852051,"z":-0.12849964201450349,"w":0.6074797511100769},"size":0.6921425461769104,"orthographic":false}